Filename,Barcode,Sample
ZAG4476A1_S185,AAAAAAAAACCAG,RR_DMSO_1
ZAG4476A1_S185,AAAAAAAAATTAC,RR_JQ1_3
ZAG4476A1_S185,AAAAAAAACGGCC,FUS_C646_2
ZAG4476A1_S185,AAAAAAAAGATCA,M3_DMSO_1
ZAG4476A1_S185,AAAAAAAAGTTGG,M3_JQ1_3
ZAG4476A2_S186,AAAAAAAAACGTC,RR_DMSO_2
ZAG4476A2_S186,AAAAAAAACAACG,RR_rGFP_1
ZAG4476A2_S186,AAAAAAAACGTAA,FUS_C646_3
ZAG4476A2_S186,AAAAAAAAGCATA,M3_DMSO_2
ZAG4476A2_S186,AAAAAAAATAATC,M3_rGFP_1
ZAG4476A3_S187,AAAAAAAAACTGA,RR_DMSO_3
ZAG4476A3_S187,AAAAAAAACAGTA,RR_rGFP_2
ZAG4476A3_S187,AAAAAAAACTAGA,FUS_JQ1_1
ZAG4476A3_S187,AAAAAAAAGCCGC,M3_DMSO_3
ZAG4476A3_S187,AAAAAAAATACGA,M3_rGFP_2
ZAG4476A4_S188,AAAAAAAAAGAGC,RR_C646_1
ZAG4476A4_S188,AAAAAAAACATGC,RR_rGFP_3
ZAG4476A4_S188,AAAAAAAACTCTC,FUS_JQ1_2
ZAG4476A4_S188,AAAAAAAAGCGCG,M3_C646_1
ZAG4476A4_S188,AAAAAAAATAGCT,M3_rGFP_3
ZAG4476A5_S189,AAAAAAAAAGCTA,RR_C646_2
ZAG4476A5_S189,AAAAAAAACCAAC,FUS_DMSO_1
ZAG4476A5_S189,AAAAAAAACTGAG,FUS_JQ1_3
ZAG4476A5_S189,AAAAAAAAGCTAT,M3_C646_2
ZAG4476A6_S190,AAAAAAAAAGTCG,RR_C646_3
ZAG4476A6_S190,AAAAAAAACCCCA,FUS_DMSO_2
ZAG4476A6_S190,AAAAAAAAGAAGT,FUS_rGFP_1
ZAG4476A6_S190,AAAAAAAAGGAAG,M3_C646_3
ZAG4476A7_S191,AAAAAAAAATATG,RR_JQ1_1
ZAG4476A7_S191,AAAAAAAACCTTG,FUS_DMSO_3
ZAG4476A7_S191,AAAAAAAAGACTG,FUS_rGFP_2
ZAG4476A7_S191,AAAAAAAAGTACC,M3_JQ1_1
ZAG4476A8_S192,AAAAAAAAATGCA,RR_JQ1_2
ZAG4476A8_S192,AAAAAAAACGCGG,FUS_C646_1
ZAG4476A8_S192,AAAAAAAAGAGAC,FUS_rGFP_3
ZAG4476A8_S192,AAAAAAAAGTCAA,M3_JQ1_2
